10115,Mitte
10117,Mitte
10119,Mitte
10178,Mitte
10179,Mitte
10243,Friedrichshain
10245,Friedrichshain
10247,Friedrichshain
10249,Friedrichshain
10315,Lichtenberg
10317,Lichtenberg
10318,Lichtenberg
10319,Lichtenberg
10365,Lichtenberg
10367,Lichtenberg
10369,Lichtenberg
10405,Prenzlauer,Berg
10407,Prenzlauer,Berg
10409,Prenzlauer,Berg
10435,Prenzlauer,Berg
10437,Prenzlauer,Berg
10439,Prenzlauer,Berg
10551,Moabit
10553,Moabit
10555,Moabit
10557,Mitte,/,Tiergarten
10559,Tiergarten
10585,Charlottenburg
10587,Charlottenburg
10589,Charlottenburg
10623,Charlottenburg
10625,Charlottenburg
10627,Charlottenburg
10629,Charlottenburg
10707,Wilmersdorf
10709,Wilmersdorf
10711,Wilmersdorf
10713,Wilmersdorf
10715,Wilmersdorf
10717,Wilmersdorf
10719,Wilmersdorf
10777,Schöneberg
10779,Schöneberg
10781,Schöneberg
10783,Schöneberg
10785,Schöneberg
10787,Tiergarten
10789,Tiergarten
10823,Schöneberg
10825,Schöneberg
10827,Schöneberg
10829,Schöneberg
10961,Kreuzberg
10963,Kreuzberg
10965,Kreuzberg
10967,Kreuzberg
10969,Kreuzberg
10997,Kreuzberg
10999,Kreuzberg
12043,Neukölln
12045,Neukölln
12047,Neukölln
12049,Neukölln
12051,Neukölln
12053,Neukölln
12055,Neukölln
12057,Neukölln
12059,Neukölln
12099,Tempelhof
12101,Tempelhof
12103,Tempelhof
12105,Tempelhof
12107,Tempelhof
12109,Tempelhof
12157,Steglitz
12159,Steglitz
12161,Steglitz
12163,Steglitz
12165,Steglitz
12167,Steglitz
12169,Steglitz
12203,Lichterfelde
12205,Lichterfelde
12207,Lichterfelde
12209,Lichterfelde
12247,Schöneberg
12249,Schöneberg
12277,Mariendorf
12279,Mariendorf
12305,Lichtenrade
12307,Lichtenrade
12309,Lichtenrade
12347,Britz
12349,Britz
12351,Britz
12353,Britz
12355,Britz
12357,Britz
12359,Britz
12435,Alt-Treptow
12437,Alt-Treptow
12439,Alt-Treptow
12459,Köpenick
12487,Adlershof
12489,Adlershof
12524,Altglienicke
12526,Altglienicke
12527,Grünau
12529,Schönefeld
12619,Hellersdorf
12621,Hellersdorf
12623,Hellersdorf
12627,Hellersdorf
12629,Hellersdorf
12679,Marzahn
12681,Marzahn
12683,Marzahn
12685,Marzahn
12687,Marzahn
12689,Marzahn
13051,Hohenschönhausen
13053,Hohenschönhausen
13055,Hohenschönhausen
13057,Hohenschönhausen
13059,Hohenschönhausen
13086,Weissensee
13088,Weissensee
13089,Weissensee
13125,Buch
13127,Buch
13129,Buch
13156,Niederschönhausen
13158,Niederschönhausen
13159,Blankenfelde
13187,Pankow
13189,Pankow
13347,Wedding
13349,Wedding
13351,Wedding
13353,Wedding
13355,Wedding
13357,Wedding
13359,Wedding
13403,Reinickendorf
13405,Reinickendorf
13407,Reinickendorf
13409,Reinickendorf
13435,Wittenau
13437,Wittenau
13439,Wittenau
13465,Frohnau
13467,Hermsdorf
13469,Waidmannslust
13503,Tegel
13505,Tegel
13507,Tegel
13509,Tegel
13581,Spandau
13583,Spandau
13585,Spandau
13587,Spandau
13589,Spandau
13591,Staaken
13593,Staaken
13595,Staaken
13597,Staaken
13599,Spandau
13627,Spandau
13629,Spandau
14050,Charlottenburg-Nord
14052,Charlottenburg-Nord
14053,Charlottenburg-Nord
14055,Charlottenburg-Nord
14057,Charlottenburg-Nord
14059,Charlottenburg-Nord
14089,Charlottenburg-Nord
14109,Nikolassee
14129,Zehlendorf
14163,Zehlendorf
14165,Zehlendorf
14167,Zehlendorf
14169,Zehlendorf
14193,Grunewald
14195,Grunewald
14197,Wilmersdorf,/,Grunewald
14199,Wilmersdorf,/,Grunewald
14209,Steglitz-Zehlendorf
14532,Kleinmachnow
14612,Falkensee
